0.0000,0.000914,-0.001074
0.0200,0.000914,-0.001074
0.0400,0.000914,-0.001074
0.0600,0.000914,-0.001074
0.0800,0.000914,-0.001074
0.1000,0.000914,-0.001074
0.1200,0.000914,-0.001074
0.1400,0.000914,-0.001074
0.1600,0.000914,-0.001074
0.1800,0.000914,-0.001074
0.2000,0.000914,-0.001074
0.2200,0.000914,-0.001074
0.2400,0.000914,-0.001074
0.2600,0.000914,-0.001074
0.2800,0.000914,-0.001074
0.3000,0.000914,-0.001074
0.3200,0.000914,-0.001074
0.3400,0.000914,-0.001074
0.3600,0.000914,-0.001074
0.3800,0.000914,-0.001074
0.4000,0.000914,-0.001074
0.4200,0.000914,-0.001074
0.4400,0.000914,-0.001074
0.4600,0.000914,-0.001074
0.4800,0.000914,-0.001074
0.5000,0.000914,-0.001074
0.5200,0.000953,0.001059
0.5400,0.000457,-0.001247
0.5600,0.000148,-0.001638
0.5800,-0.000155,-0.001648
0.6000,-0.000480,-0.001589
0.6200,-0.000821,-0.001529
0.6400,-0.001184,-0.001476
0.6600,-0.001542,-0.001439
0.6800,-0.001908,-0.001404
0.7000,-0.002289,-0.001371
0.7200,-0.002686,-0.001340
0.7400,-0.003097,-0.001313
0.7600,-0.003503,-0.001295
0.7800,-0.003950,-0.001523
0.8000,-0.004350,-0.001308
0.8200,-0.004870,-0.001834
0.8400,-0.005244,-0.001314
0.8600,-0.005651,-0.001093
0.8800,-0.006017,-0.000990
0.9000,-0.006384,-0.000917
0.9200,-0.006757,-0.000853
0.9400,-0.007135,-0.000794
0.9600,-0.007531,-0.000735
0.9800,-0.007930,-0.000677
1.0000,-0.008339,-0.000621
1.0200,-0.008756,-0.000564
1.0400,-0.009153,-0.000498
1.0600,-0.009519,-0.000428
1.0800,-0.009884,-0.000381
1.1000,-0.010195,-0.000302
1.1200,-0.010375,-0.000243
1.1400,-0.010573,-0.000196
1.1600,-0.010788,-0.000145
1.1800,-0.010998,-0.000108
1.2000,-0.011176,-0.000066
1.2200,-0.011332,-0.000011
1.2400,-0.011486,0.000046
1.2600,-0.011639,0.000102
1.2800,-0.011797,0.000160
1.3000,-0.011958,0.000216
1.3200,-0.012122,0.000272
1.3400,-0.009377,0.000381
1.3600,-0.008439,0.000243
1.3800,-0.008111,0.000482
1.4000,-0.008002,0.000705
1.4200,-0.007963,0.000810
1.4400,-0.007923,0.000873
1.4600,-0.007868,0.000921
1.4800,-0.007694,0.000627
1.5000,-0.005601,0.000840
1.5200,-0.004539,0.001186
1.5400,-0.003367,-0.000772
1.5600,-0.002480,0.000664
1.5800,-0.001978,0.001206
1.6000,-0.001601,0.001546
1.6200,0.000002,0.001564
1.6400,0.000511,0.001738
1.6600,0.000824,0.001874
1.6800,0.000993,0.001998
1.7000,0.001063,0.002115
1.7200,0.001021,0.002231
1.7400,0.000868,0.002336
1.7600,0.000601,0.002471
1.7800,0.000207,0.002591
1.8000,-0.000276,0.002703
1.8200,-0.000862,0.002820
1.8400,-0.001539,0.002939
1.8600,-0.002351,0.003067
1.8800,-0.003256,0.003185
1.9000,-0.004276,0.004152
1.9200,-0.005347,0.005060
1.9400,-0.006299,0.003878
1.9600,-0.007311,0.003485
1.9800,-0.008409,0.003359
2.0000,-0.009569,0.003348
2.0200,-0.010557,0.003419
2.0400,-0.011187,0.003402
2.0600,-0.011698,0.003398
2.0800,-0.012175,0.003415
2.1000,-0.012663,0.003437
2.1200,-0.013182,0.003460
2.1400,-0.011649,0.003577
2.1600,-0.011518,0.003528
2.1800,-0.011593,0.003461
2.2000,-0.011718,0.003410
2.2200,-0.011845,0.003374
2.2400,-0.011960,0.003350
2.2600,-0.012056,0.003334
2.2800,-0.012138,0.003324
2.3000,-0.012205,0.003317
2.3200,-0.012259,0.003311
2.3400,-0.012304,0.003307
2.3600,-0.012337,0.003303
2.3800,-0.012364,0.003299
2.4000,-0.012384,0.003295
2.4200,-0.012402,0.003292
2.4400,-0.012413,0.003289
2.4600,-0.012423,0.003285
2.4800,-0.012428,0.003282
2.5000,-0.012432,0.003279
2.5200,-0.012435,0.003275
2.5400,-0.012436,0.003272
2.5600,-0.012436,0.003270
2.5800,-0.012437,0.003267
2.6000,-0.012437,0.003262
2.6200,-0.012437,0.003257
2.6400,-0.012437,0.003252
2.6600,-0.012434,0.003247
2.6800,-0.012432,0.003242
2.7000,-0.012430,0.003238
2.7200,-0.012428,0.003234
2.7400,-0.012426,0.003230
2.7600,-0.012423,0.003226
2.7800,-0.012420,0.003223
2.8000,-0.012417,0.003219
2.8200,-0.012414,0.003216
2.8400,-0.012412,0.003214
2.8600,-0.012409,0.003211
2.8800,-0.012406,0.003208
2.9000,-0.012403,0.003206
2.9200,-0.012400,0.003204
2.9400,-0.012342,0.003190
2.9600,-0.012324,0.003194
2.9800,-0.012329,0.003199
3.0000,-0.012339,0.003202
3.0200,-0.012349,0.003203
3.0400,-0.012359,0.003202
3.0600,-0.012367,0.003201
3.0800,-0.012374,0.003200
3.1000,-0.012380,0.003198
3.1200,-0.012385,0.003197
3.1400,-0.012390,0.003196
3.1600,-0.012395,0.003195
3.1800,-0.012399,0.003194
3.2000,-0.012403,0.003194
3.2200,-0.012407,0.003194
3.2400,-0.012410,0.003194
3.2600,-0.012414,0.003195
3.2800,-0.012417,0.003195
3.3000,-0.012420,0.003196
3.3200,-0.012423,0.003197
3.3400,-0.012424,0.003199
3.3600,-0.012427,0.003200
3.3800,-0.012430,0.003201
3.4000,-0.012433,0.003203
3.4200,-0.012436,0.003204
3.4400,-0.012438,0.003206
3.4600,-0.012441,0.003208
3.4800,-0.012443,0.003209
3.5000,-0.012446,0.003211
3.5200,-0.012448,0.003213
3.5400,-0.012451,0.003215
3.5600,-0.012454,0.003218
3.5800,-0.012456,0.003220
3.6000,-0.012458,0.003222
3.6200,-0.012460,0.003224
3.6400,-0.012462,0.003227
3.6600,-0.012464,0.003230
3.6800,-0.012466,0.003232
3.7000,-0.012468,0.003235
3.7200,-0.012470,0.003238
3.7400,-0.012456,0.003281
3.7600,-0.012463,0.003281
3.7800,-0.012466,0.003277
3.8000,-0.012469,0.003273
3.8200,-0.012471,0.003270
3.8400,-0.012473,0.003267
3.8600,-0.012474,0.003264
3.8800,-0.012475,0.003262
3.9000,-0.012476,0.003260
3.9200,-0.012476,0.003258
3.9400,-0.012476,0.003257
3.9600,-0.012476,0.003255
3.9800,-0.012476,0.003254
4.0000,-0.012476,0.003253
4.0200,-0.012476,0.003253
4.0400,-0.012476,0.003252
4.0600,-0.012476,0.003251
4.0800,-0.012476,0.003251
4.1000,-0.012476,0.003250
4.1200,-0.012475,0.003250
4.1400,-0.012475,0.003250
4.1600,-0.012475,0.003250
4.1800,-0.012474,0.003250
4.2000,-0.012474,0.003249
4.2200,-0.012474,0.003249
4.2400,-0.012473,0.003249
4.2600,-0.012473,0.003249
4.2800,-0.012473,0.003249
4.3000,-0.012473,0.003249
4.3200,-0.012473,0.003249
4.3400,-0.012472,0.003249
4.3600,-0.012472,0.003250
4.3800,-0.012472,0.003250
4.4000,-0.012472,0.003250
4.4200,-0.012471,0.003250
4.4400,-0.012471,0.003250
4.4600,-0.012471,0.003251
4.4800,-0.012470,0.003251
4.5000,-0.012470,0.003252
4.5200,-0.012470,0.003252
4.5400,-0.012488,0.003211
4.5600,-0.012480,0.003215
4.5800,-0.012477,0.003222
4.6000,-0.012475,0.003229
4.6200,-0.012474,0.003236
4.6400,-0.012474,0.003242
4.6600,-0.012474,0.003247
4.6800,-0.012474,0.003253
4.7000,-0.012474,0.003258
4.7200,-0.012474,0.003263
4.7400,-0.012474,0.003268
4.7600,-0.012475,0.003273
4.7800,-0.012475,0.003277
4.8000,-0.012475,0.003282
4.8200,-0.012475,0.003286
4.8400,-0.012476,0.003290
4.8600,-0.012476,0.003294
4.8800,-0.012475,0.003298
4.9000,-0.012475,0.003302
4.9200,-0.012475,0.003306
4.9400,-0.012474,0.003310
4.9600,-0.012473,0.003313
4.9800,-0.012473,0.003316
5.0000,-0.012472,0.003320
5.0200,-0.012471,0.003323
5.0400,-0.012470,0.003326
5.0600,-0.012469,0.003329
5.0800,-0.012468,0.003332
5.1000,-0.012466,0.003334
5.1200,-0.012465,0.003337
5.1400,-0.012463,0.003339
5.1600,-0.012462,0.003341
5.1800,-0.012460,0.003344
5.2000,-0.012459,0.003346
5.2200,-0.012457,0.003348
5.2400,-0.012455,0.003349
5.2600,-0.012453,0.003351
5.2800,-0.012450,0.003352
5.3000,-0.012448,0.003354
5.3200,-0.012446,0.003355
5.3400,-0.012433,0.003365
5.3600,-0.012439,0.003359
5.3800,-0.012441,0.003355
5.4000,-0.012442,0.003352
5.4200,-0.012442,0.003350
5.4400,-0.012441,0.003349
5.4600,-0.012440,0.003348
5.4800,-0.012439,0.003347
5.5000,-0.012439,0.003347
5.5200,-0.012438,0.003346
5.5400,-0.012437,0.003346
5.5600,-0.012436,0.003345
5.5800,-0.012436,0.003345
5.6000,-0.012436,0.003345
5.6200,-0.012435,0.003344
5.6400,-0.012435,0.003344
5.6600,-0.012435,0.003343
5.6800,-0.012435,0.003343
5.7000,-0.012435,0.003342
5.7200,-0.012434,0.003342
5.7400,-0.012434,0.003341
5.7600,-0.012434,0.003340
5.7800,-0.012434,0.003340
5.8000,-0.012434,0.003339
5.8200,-0.012434,0.003338
5.8400,-0.012434,0.003338
5.8600,-0.012434,0.003337
5.8800,-0.012434,0.003336
5.9000,-0.012433,0.003335
5.9200,-0.012433,0.003335
5.9400,-0.012433,0.003334
5.9600,-0.012433,0.003333
5.9800,-0.012433,0.003332
6.0000,-0.012433,0.003331
6.0200,-0.012433,0.003330
6.0400,-0.012433,0.003329
6.0600,-0.012433,0.003329
6.0800,-0.012433,0.003328
6.1000,-0.012433,0.003327
6.1200,-0.012433,0.003326
6.1400,-0.012438,0.003316
6.1600,-0.012436,0.003317
6.1800,-0.012436,0.003318
6.2000,-0.012435,0.003320
6.2200,-0.012435,0.003322
6.2400,-0.012436,0.003323
6.2600,-0.012437,0.003324
6.2800,-0.012438,0.003325
6.3000,-0.012440,0.003325
6.3200,-0.012441,0.003325
6.3400,-0.012443,0.003325
6.3600,-0.012445,0.003325
6.3800,-0.012447,0.003324
6.4000,-0.012449,0.003323
6.4200,-0.012451,0.003322
6.4400,-0.012452,0.003321
6.4600,-0.012454,0.003320
6.4800,-0.012456,0.003318
6.5000,-0.012458,0.003317
6.5200,-0.012459,0.003315
6.5400,-0.012461,0.003313
6.5600,-0.012462,0.003311
6.5800,-0.012463,0.003309
6.6000,-0.012465,0.003307
6.6200,-0.012466,0.003304
6.6400,-0.012467,0.003302
6.6600,-0.012468,0.003299
6.6800,-0.012469,0.003297
6.7000,-0.012469,0.003294
6.7200,-0.012470,0.003291
6.7400,-0.012470,0.003288
6.7600,-0.012471,0.003285
6.7800,-0.012471,0.003282
6.8000,-0.012471,0.003279
6.8200,-0.012471,0.003275
6.8400,-0.012471,0.003272
6.8600,-0.012470,0.003269
6.8800,-0.012470,0.003265
6.9000,-0.012470,0.003262
6.9200,-0.012469,0.003258
6.9400,-0.010275,0.003173
6.9600,-0.009678,0.002984
6.9800,-0.009370,0.002927
7.0000,-0.009133,0.002898
7.0200,-0.008915,0.002873
7.0400,-0.008702,0.002854
7.0600,-0.008399,0.002789
7.0800,-0.008246,0.002868
7.1000,-0.008052,0.002946
7.1200,-0.007885,0.003000
7.1400,-0.004749,0.002869
7.1600,-0.003509,0.004538
7.1800,-0.002708,0.003634
7.2000,-0.002077,0.003155
7.2200,-0.001562,0.003048
7.2400,-0.000071,0.002903
7.2600,0.000491,0.003018
7.2800,0.000848,0.003101
7.3000,0.001077,0.003170
7.3200,0.001197,0.003240
7.3400,0.001203,0.003312
7.3600,0.001099,0.003380
7.3800,0.000887,0.003448
7.4000,0.000565,0.003510
7.4200,0.000138,0.003564
7.4400,-0.000404,0.003610
7.4600,-0.001054,0.003636
7.4800,-0.001799,0.003686
7.5000,-0.002675,0.003682
7.5200,-0.003647,0.003675
7.5400,-0.004556,0.001173
7.5600,-0.005628,0.003034
7.5800,-0.006674,0.003660
7.6000,-0.007765,0.003879
7.6200,-0.008913,0.003953
7.6400,-0.010009,0.004004
7.6600,-0.010793,0.003953
7.6800,-0.011448,0.003971
7.7000,-0.011969,0.003936
7.7200,-0.012463,0.003880
7.7400,-0.011478,0.002913
7.7600,-0.011022,0.002441
7.7800,-0.010881,0.002244
7.8000,-0.010874,0.002202
7.8200,-0.010921,0.002239
7.8400,-0.010990,0.002313
7.8600,-0.011060,0.002399
7.8800,-0.011127,0.002483
7.9000,-0.011186,0.002560
7.9200,-0.011240,0.002627
7.9400,-0.011283,0.002685
7.9600,-0.011320,0.002735
7.9800,-0.011352,0.002778
8.0000,-0.011378,0.002813
8.0200,-0.011403,0.002844
8.0400,-0.011422,0.002869
8.0600,-0.011439,0.002892
8.0800,-0.011456,0.002911
8.1000,-0.011471,0.002928
8.1200,-0.011486,0.002943
8.1400,-0.011498,0.002956
8.1600,-0.011512,0.002968
8.1800,-0.011525,0.002978
8.2000,-0.011537,0.002988
8.2200,-0.011550,0.002999
8.2400,-0.011562,0.003009
8.2600,-0.011574,0.003019
8.2800,-0.011587,0.003028
8.3000,-0.011600,0.003036
8.3200,-0.011615,0.003044
8.3400,-0.011628,0.003052
8.3600,-0.011642,0.003059
8.3800,-0.011657,0.003065
8.4000,-0.011672,0.003071
8.4200,-0.011687,0.003077
8.4400,-0.011704,0.003082
8.4600,-0.011719,0.003086
8.4800,-0.011735,0.003091
8.5000,-0.011751,0.003095
8.5200,-0.011767,0.003098
8.5400,-0.011004,0.003150
8.5600,-0.010934,0.003137
8.5800,-0.011067,0.003131
8.6000,-0.011250,0.003139
8.6200,-0.011433,0.003154
8.6400,-0.011607,0.003170
8.6600,-0.011767,0.003183
8.6800,-0.011915,0.003191
8.7000,-0.012053,0.003194
8.7200,-0.012181,0.003194
8.7400,-0.012303,0.003188
8.7600,-0.012418,0.003178
8.7800,-0.012529,0.003166
8.8000,-0.012635,0.003149
8.8200,-0.012737,0.003130
8.8400,-0.012835,0.003108
8.8600,-0.012828,0.003082
8.8800,-0.012910,0.003057
8.9000,-0.012999,0.003031
8.9200,-0.013086,0.003004
8.9400,-0.013172,0.002975
8.9600,-0.013255,0.002944
8.9800,-0.013337,0.002912
9.0000,-0.013416,0.002878
9.0200,-0.013494,0.002842
9.0400,-0.013568,0.002804
9.0600,-0.013640,0.002766
9.0800,-0.013710,0.002725
9.1000,-0.013776,0.002683
9.1200,-0.013840,0.002640
9.1400,-0.013901,0.002596
9.1600,-0.013959,0.002550
9.1800,-0.014014,0.002503
9.2000,-0.014066,0.002456
9.2200,-0.014114,0.002407
9.2400,-0.014159,0.002357
9.2600,-0.014200,0.002307
9.2800,-0.014238,0.002255
9.3000,-0.014272,0.002203
9.3200,-0.014304,0.002151
9.3400,-0.014968,0.000963
9.3600,-0.014719,0.000990
9.3800,-0.014550,0.001113
9.4000,-0.014462,0.001236
9.4200,-0.014419,0.001351
9.4400,-0.014400,0.001460
9.4600,-0.014390,0.001564
9.4800,-0.014382,0.001664
9.5000,-0.014370,0.001761
9.5200,-0.014352,0.001855
9.5400,-0.014327,0.001946
9.5600,-0.014294,0.002034
9.5800,-0.014254,0.002119
9.6000,-0.014206,0.002202
9.6200,-0.014152,0.002281
9.6400,-0.014092,0.002357
9.6600,-0.014026,0.002430
9.6800,-0.013954,0.002500
9.7000,-0.013877,0.002567
9.7200,-0.013796,0.002630
9.7400,-0.013711,0.002689
9.7600,-0.013622,0.002745
9.7800,-0.013529,0.002798
9.8000,-0.013434,0.002847
9.8200,-0.013336,0.002893
9.8400,-0.013237,0.002934
9.8600,-0.013135,0.002972
9.8800,-0.013032,0.003007
9.9000,-0.012928,0.003037
9.9200,-0.012823,0.003064
9.9400,-0.012717,0.003088
9.9600,-0.012612,0.003107
9.9800,-0.012507,0.003123
10.0000,-0.012403,0.003135
10.0200,-0.012300,0.003144
10.0400,-0.012198,0.003150
10.0600,-0.012097,0.003152
10.0800,-0.011999,0.003151
10.1000,-0.011903,0.003147
10.1200,-0.011808,0.003140
10.1400,-0.010899,0.002974
10.1600,-0.010952,0.002902
10.1800,-0.011054,0.002871
10.2000,-0.011137,0.002858
10.2200,-0.011202,0.002856
10.2400,-0.011252,0.002860
10.2600,-0.011291,0.002867
10.2800,-0.011322,0.002877
10.3000,-0.011345,0.002888
10.3200,-0.011362,0.002900
10.3400,-0.011375,0.002912
10.3600,-0.011385,0.002924
10.3800,-0.011391,0.002936
10.4000,-0.011394,0.002948
10.4200,-0.011396,0.002960
10.4400,-0.011395,0.002972
10.4600,-0.011392,0.002983
10.4800,-0.011388,0.002994
10.5000,-0.011383,0.003005
10.5200,-0.011376,0.003016
10.5400,-0.011368,0.003026
10.5600,-0.011360,0.003036
10.5800,-0.011350,0.003045
10.6000,-0.011340,0.003055
10.6200,-0.011328,0.003064
10.6400,-0.011317,0.003072
10.6600,-0.011304,0.003081
10.6800,-0.011291,0.003089
10.7000,-0.011277,0.003096
10.7200,-0.011263,0.003103
10.7400,-0.011249,0.003110
10.7600,-0.011233,0.003117
10.7800,-0.011218,0.003123
10.8000,-0.011202,0.003129
10.8200,-0.011186,0.003134
10.8400,-0.011169,0.003139
10.8600,-0.011153,0.003144
10.8800,-0.011136,0.003148
10.9000,-0.011119,0.003152
10.9200,-0.011101,0.003155
10.9400,-0.011830,0.003120
10.9600,-0.011743,0.003142
10.9800,-0.011603,0.003166
11.0000,-0.011465,0.003188
11.0200,-0.011334,0.003209
11.0400,-0.011208,0.003226
11.0600,-0.011088,0.003240
11.0800,-0.010973,0.003249
11.1000,-0.010862,0.003255
11.1200,-0.010755,0.003257
11.1400,-0.010651,0.003256
11.1600,-0.010550,0.003251
11.1800,-0.010452,0.003243
11.2000,-0.010357,0.003233
11.2200,-0.010265,0.003219
11.2400,-0.010176,0.003203
11.2600,-0.010089,0.003185
11.2800,-0.010005,0.003164
11.3000,-0.009923,0.003141
11.3200,-0.009844,0.003116
11.3400,-0.009767,0.003088
11.3600,-0.009694,0.003059
11.3800,-0.009623,0.003028
11.4000,-0.009515,0.002971
11.4200,-0.009453,0.002939
11.4400,-0.009389,0.002902
11.4600,-0.009327,0.002863
11.4800,-0.009269,0.002823
11.5000,-0.009214,0.002782
11.5200,-0.009161,0.002739
11.5400,-0.009113,0.002695
11.5600,-0.009067,0.002649
11.5800,-0.009025,0.002603
11.6000,-0.008986,0.002555
11.6200,-0.008951,0.002506
11.6400,-0.008919,0.002457
11.6600,-0.008891,0.002406
11.6800,-0.008866,0.002355
11.7000,-0.008845,0.002303
11.7200,-0.008827,0.002251
11.7400,-0.008650,0.001057
11.7600,-0.008817,0.001085
11.7800,-0.008902,0.001211
11.8000,-0.008918,0.001340
11.8200,-0.008898,0.001462
11.8400,-0.008863,0.001577
11.8600,-0.008825,0.001686
11.8800,-0.008791,0.001789
11.9000,-0.008766,0.001888
11.9200,-0.008750,0.001982
11.9400,-0.008745,0.002073
11.9600,-0.008751,0.002159
11.9800,-0.008767,0.002242
12.0000,-0.008792,0.002321
12.0200,-0.008826,0.002396
12.0400,-0.008868,0.002468
12.0600,-0.008918,0.002536
12.0800,-0.008975,0.002601
12.1000,-0.009038,0.002662
12.1200,-0.009107,0.002719
12.1400,-0.009181,0.002773
12.1600,-0.009259,0.002824
12.1800,-0.009342,0.002871
12.2000,-0.009430,0.002914
12.2200,-0.009520,0.002954
12.2400,-0.009614,0.002990
12.2600,-0.009710,0.003022
12.2800,-0.009809,0.003051
12.3000,-0.009909,0.003076
12.3200,-0.010011,0.003098
12.3400,-0.010109,0.003113
12.3600,-0.010208,0.003124
12.3800,-0.010308,0.003133
12.4000,-0.010409,0.003140
12.4200,-0.010510,0.003143
12.4400,-0.010612,0.003143
12.4600,-0.010712,0.003141
12.4800,-0.010812,0.003136
12.5000,-0.010911,0.003128
12.5200,-0.011009,0.003118
12.5400,-0.002114,0.003332
12.5600,0.001468,0.003137
12.5800,0.003981,0.002795
12.6000,0.026496,0.007564
12.6200,0.032348,0.007853
12.6400,0.023839,0.005942
12.6600,0.020372,0.005444
12.6800,0.026682,0.005234
12.7000,0.014391,0.002566
12.7200,0.008755,0.001785
12.7400,0.004517,0.001560
12.7600,0.001851,0.001191
12.7800,-0.001895,0.001688
12.8000,-0.005526,0.001742
12.8200,-0.008707,0.001327
12.8400,-0.013232,0.000905
12.8600,-0.015560,0.001213
12.8800,-0.018640,0.001316
12.9000,-0.022327,0.002292
12.9200,-0.028021,0.001391
12.9400,-0.032357,0.001273
12.9600,-0.035808,0.000745
12.9800,-0.038514,0.000408
13.0000,-0.041211,0.000110
13.0200,-0.043933,-0.000236
13.0400,-0.044831,0.000092
13.0600,-0.044984,0.000616
13.0800,-0.045997,0.000791
13.1000,-0.046915,0.000990
13.1200,-0.047923,0.001146
13.1400,-0.048998,0.001270
13.1600,-0.075171,0.002472
13.1800,-0.081756,0.002962
13.2000,-0.088770,0.003178
13.2200,-0.102694,0.013904
13.2400,-0.098112,0.008753
13.2600,-0.101362,0.007858
13.2800,-0.103334,0.007236
13.3000,-0.088079,0.008415
13.3200,-0.074229,0.008790
13.3400,-0.069220,0.007826
13.3600,-0.067580,0.007009
13.3800,-0.067233,0.006347
13.4000,-0.067291,0.005910
13.4200,-0.067500,0.005654
13.4400,-0.073883,0.004720
13.4600,-0.072632,0.004893
13.4800,-0.072678,0.004865
13.5000,-0.072936,0.004834
13.5200,-0.073216,0.004820
13.5400,-0.073481,0.004815
13.5600,-0.073724,0.004815
13.5800,-0.073949,0.004813
13.6000,-0.074154,0.004810
13.6200,-0.074342,0.004802
13.6400,-0.074516,0.004792
13.6600,-0.074677,0.004778
13.6800,-0.074828,0.004762
13.7000,-0.074968,0.004743
13.7200,-0.075102,0.004722
13.7400,-0.075227,0.004699
13.7600,-0.075347,0.004673
13.7800,-0.075459,0.004646
13.8000,-0.075565,0.004619
13.8200,-0.075668,0.004591
13.8400,-0.075766,0.004563
13.8600,-0.075861,0.004535
13.8800,-0.075951,0.004506
13.9000,-0.076038,0.004477
13.9200,-0.076120,0.004448
13.9400,-0.076199,0.004418
13.9600,-0.076274,0.004388
13.9800,-0.076346,0.004358
14.0000,-0.076414,0.004327
14.0200,-0.076478,0.004294
14.0400,-0.076538,0.004262
14.0600,-0.076594,0.004230
14.0800,-0.076647,0.004197
14.1000,-0.076694,0.004164
14.1200,-0.076739,0.004130
14.1400,-0.076778,0.004097
14.1600,-0.076814,0.004063
14.1800,-0.076845,0.004029
14.2000,-0.076872,0.003995
14.2200,-0.077541,0.003750
14.2400,-0.077854,0.003641
14.2600,-0.078066,0.003556
14.2800,-0.079194,0.003383
14.3000,-0.080272,0.003286
14.3200,-0.081280,0.003236
14.3400,-0.082528,0.003149
14.3600,-0.083314,0.003166
14.3800,-0.083997,0.003183
14.4000,-0.084526,0.003203
14.4200,-0.084880,0.003223
14.4400,-0.085037,0.003242
14.4600,-0.083910,0.003358
14.4800,-0.077233,0.003858
14.5000,-0.075211,0.003750
14.5200,-0.073935,0.003412
14.5400,-0.072851,0.002983
14.5600,-0.071807,0.002519
14.5800,-0.070759,0.002042
14.6000,-0.067079,0.002050
14.6200,-0.065408,0.002065
14.6400,-0.064436,0.001708
14.6600,-0.061528,0.002011
14.6800,-0.059697,0.002047
14.7000,-0.057822,0.000660
14.7200,-0.056239,0.000906
14.7400,-0.052627,-0.000854
14.7600,-0.053911,-0.001162
14.7800,-0.052693,-0.000261
14.8000,-0.051716,0.000451
14.8200,-0.050758,0.001036
14.8400,-0.049761,0.001517
14.8600,-0.048735,0.001912
14.8800,-0.047675,0.002235
14.9000,-0.046574,0.002497
14.9200,-0.045514,0.002681
14.9400,-0.044516,0.002785
14.9600,-0.043518,0.002838
14.9800,-0.042512,0.002854
15.0000,-0.041497,0.002845
15.0200,-0.040483,0.002822
15.0400,-0.040282,0.001769
15.0600,-0.038681,0.001841
15.0800,-0.037838,0.002574
15.1000,-0.037719,0.001954
15.1200,-0.037207,0.002329
15.1400,-0.036723,0.002579
15.1600,-0.036224,0.002749
15.1800,-0.026977,0.005970
15.2000,-0.020038,0.006026
15.2200,-0.019618,0.002475
15.2400,-0.032759,0.000267
15.2600,-0.042050,0.000554
15.2800,-0.044018,0.001414
15.3000,-0.049767,0.002890
15.3200,-0.053388,0.003359
15.3400,-0.062552,0.001684
15.3600,-0.062809,0.001811
15.3800,-0.061098,0.001997
15.4000,-0.058698,0.002127
15.4200,-0.057052,0.002160
15.4400,-0.055259,0.002205
15.4600,-0.051867,0.001544
15.4800,-0.051192,0.001790
15.5000,-0.049889,0.001986
15.5200,-0.048450,0.002145
15.5400,-0.045849,0.002522
15.5600,-0.045332,0.002635
15.5800,-0.044192,0.002838
15.6000,-0.043061,0.002906
15.6200,-0.041768,0.002989
15.6400,-0.040419,0.003091
15.6600,-0.040071,0.003325
15.6800,-0.038862,0.003095
15.7000,-0.037580,0.002984
15.7200,-0.036236,0.002949
15.7400,-0.034847,0.002964
15.7600,-0.033426,0.003010
15.7800,-0.031315,0.002746
15.8000,-0.030398,0.003020
15.8200,-0.029069,0.003177
15.8400,-0.027633,0.003292
15.8600,-0.026309,0.003286
15.8800,-0.025046,0.003227
15.9000,-0.023706,0.003226
15.9200,-0.022066,0.003202
15.9400,-0.020511,0.003249
15.9600,-0.018946,0.003328
15.9800,-0.017218,0.003390
16.0000,-0.015560,0.003486
16.0200,-0.013907,0.003591
16.0400,-0.012251,0.003701
16.0600,-0.010595,0.003809
16.0800,-0.008942,0.003918
16.1000,-0.007317,0.004030
16.1200,-0.005741,0.004139
16.1400,-0.004176,0.004277
16.1600,-0.002616,0.004420
16.1800,-0.001069,0.004499
16.2000,0.000468,0.004583
16.2200,0.002052,0.004648
16.2400,0.002747,0.004939
16.2600,0.003385,0.004978
16.2800,0.004121,0.005052
16.3000,0.004904,0.005169
16.3200,0.005706,0.005325
16.3400,0.006572,0.005500
16.3600,0.007496,0.005694
16.3800,0.008443,0.005909
16.4000,0.009484,0.006117
16.4200,0.010435,0.006364
16.4400,0.011354,0.006632
16.4600,0.012269,0.006912
16.4800,0.013177,0.007200
16.5000,0.014079,0.007491
16.5200,0.014974,0.007783
16.5400,0.015862,0.008071
16.5600,0.017646,0.008237
16.5800,0.020175,0.008325
16.6000,0.023278,0.008371
16.6200,0.028655,0.010943
16.6400,0.030513,0.010654
16.6600,0.032452,0.010460
16.6800,0.034209,0.010364
16.7000,0.034887,0.010396
16.7200,0.024459,0.011086
16.7400,0.021360,0.010826
16.7600,0.020310,0.010468
16.7800,0.019867,0.010207
16.8000,0.019638,0.010057
16.8200,0.019507,0.009996
16.8400,0.019425,0.010001
16.8600,0.019372,0.010047
16.8800,0.019333,0.010121
16.9000,0.019300,0.010210
16.9200,0.019266,0.010307
16.9400,0.019229,0.010405
16.9600,0.019188,0.010503
16.9800,0.019140,0.010599
17.0000,0.019087,0.010691
17.0200,0.019028,0.010779
17.0400,0.018965,0.010863
17.0600,0.018897,0.010944
17.0800,0.018825,0.011022
17.1000,0.018751,0.011097
17.1200,0.018674,0.011171
17.1400,0.018596,0.011242
17.1600,0.018515,0.011312
17.1800,0.018434,0.011380
17.2000,0.018350,0.011447
17.2200,0.018266,0.011513
17.2400,0.018180,0.011579
17.2600,0.018093,0.011642
17.2800,0.018006,0.011705
17.3000,0.017917,0.011768
17.3200,0.017828,0.011831
17.3400,0.017365,0.012406
17.3600,0.017403,0.012707
17.3800,0.017701,0.012833
17.4000,0.024401,0.012566
17.4200,0.023257,0.012590
17.4400,0.023215,0.012461
17.4600,0.023341,0.012314
17.4800,0.023483,0.012172
17.5000,0.023620,0.012040
17.5200,0.023750,0.011919
17.5400,0.023873,0.011806
17.5600,0.023990,0.011700
17.5800,0.024103,0.011601
17.6000,0.024211,0.011505
17.6200,0.024315,0.011413
17.6400,0.024416,0.011323
17.6600,0.024514,0.011235
17.6800,0.024608,0.011147
17.7000,0.024699,0.011060
17.7200,0.024788,0.010972
17.7400,0.024874,0.010885
17.7600,0.024957,0.010797
17.7800,0.025037,0.010708
17.8000,0.025114,0.010619
17.8200,0.025188,0.010528
17.8400,0.025260,0.010437
17.8600,0.025329,0.010344
17.8800,0.025396,0.010251
17.9000,0.025460,0.010157
17.9200,0.025521,0.010060
17.9400,0.025580,0.009964
17.9600,0.025637,0.009866
17.9800,0.025691,0.009767
18.0000,0.025742,0.009667
18.0200,0.025791,0.009565
18.0400,0.025837,0.009463
18.0600,0.025880,0.009359
18.0800,0.025921,0.009254
18.1000,0.025959,0.009148
18.1200,0.025994,0.009040
18.1400,0.026026,0.008932
18.1600,0.026055,0.008822
18.1800,0.026081,0.008711
18.2000,0.026104,0.008598
18.2200,0.026124,0.008485
18.2400,0.026141,0.008370
18.2600,0.027384,0.008004
18.2800,0.027896,0.007828
18.3000,0.028238,0.007674
18.3200,0.028539,0.007518
18.3400,0.029846,0.007336
18.3600,0.031029,0.007227
18.3800,0.032130,0.007161
18.4000,0.033125,0.007121
18.4200,0.033965,0.007099
18.4400,0.034619,0.007085
18.4600,0.035113,0.007071
18.4800,0.035419,0.007057
18.5000,0.035515,0.007042
18.5200,0.031207,0.007151
18.5400,0.026220,0.006938
18.5600,0.024561,0.006742
18.5800,0.023451,0.006381
18.6000,0.022456,0.005963
18.6200,0.022104,0.005341
18.6400,0.021972,0.004655
18.6600,0.021400,0.004104
18.6800,0.009791,0.002560
18.7000,0.009251,0.002743
18.7200,0.008289,0.002986
18.7400,0.007175,0.003222
18.7600,0.005982,0.003426
18.7800,0.004285,0.003720
18.8000,0.003021,0.003887
18.8200,0.001622,0.004012
18.8400,0.000167,0.004092
18.8600,-0.001293,0.004138
18.8800,-0.002727,0.004148
18.9000,-0.004174,0.004138
18.9200,-0.005634,0.004111
18.9400,-0.007110,0.004071
18.9600,-0.008597,0.004021
18.9800,-0.010088,0.003964
19.0000,-0.013344,0.002525
19.0200,-0.014332,0.003018
19.0400,-0.015293,0.003262
19.0600,-0.016447,0.003422
19.0800,-0.017708,0.003523
19.1000,-0.019031,0.003580
19.1200,-0.019290,0.004408
19.1400,-0.021341,0.004042
19.1600,-0.022993,0.003789
19.1800,-0.024489,0.003604
19.2000,-0.025914,0.003460
19.2200,-0.026497,0.003521
19.2400,-0.027817,0.003081
19.2600,-0.027176,0.003126
19.2800,-0.027753,0.003115
19.3000,-0.028675,0.003063
19.3200,-0.029695,0.002985
19.3400,-0.042250,0.001091
19.3600,-0.043362,0.001719
19.3800,-0.042291,0.002156
19.4000,-0.040847,0.002398
19.4200,-0.039526,0.002515
19.4400,-0.037272,0.003081
19.4600,-0.036588,0.002788
19.4800,-0.035864,0.002662
19.5000,-0.035232,0.002589
19.5200,-0.034704,0.002529
19.5400,-0.034268,0.002470
19.5600,-0.033901,0.002406
19.5800,-0.033589,0.002336
19.6000,-0.033324,0.002258
19.6200,-0.033091,0.002173
19.6400,-0.032751,0.002008
19.6600,-0.032543,0.001812
19.6800,-0.031270,0.001844
19.7000,-0.030390,0.002005
19.7200,-0.029886,0.001835
19.7400,-0.029473,0.001708
19.7600,-0.029098,0.001610
19.7800,-0.028711,0.001481
19.8000,-0.028334,0.001357
19.8200,-0.028000,0.001231
19.8400,-0.027682,0.001101
19.8600,-0.027378,0.000967
19.8800,-0.027082,0.000827
19.9000,-0.026855,0.000200
19.9200,-0.025958,0.000001
19.9400,-0.025503,0.000359
19.9600,-0.025138,0.000383
19.9800,-0.024798,0.000306
20.0000,-0.024471,0.000213
20.0200,-0.024153,0.000109
20.0400,-0.023847,0.000001
20.0600,-0.023558,-0.000108
20.0800,-0.023124,-0.000293
20.1000,-0.022877,-0.000334
20.1200,-0.022613,-0.000425
20.1400,-0.023272,-0.001697
20.1600,-0.023585,-0.001734
20.1800,-0.023858,-0.001606
20.2000,-0.024153,-0.001483
20.2200,-0.024473,-0.001384
20.2400,-0.024818,-0.001313
20.2600,-0.025173,-0.001265
20.2800,-0.025492,-0.001225
20.3000,-0.025721,-0.001191
20.3200,-0.026226,-0.001172
20.3400,-0.026735,-0.001159
20.3600,-0.027153,-0.001154
20.3800,-0.027598,-0.001352
20.4000,-0.028036,-0.001566
20.4200,-0.028449,-0.001283
20.4400,-0.028891,-0.001151
20.4600,-0.029297,-0.001056
20.4800,-0.029654,-0.000998
20.5000,-0.030014,-0.000947
20.5200,-0.030382,-0.000901
20.5400,-0.030749,-0.000853
20.5600,-0.031147,-0.000818
20.5800,-0.031535,-0.000774
20.6000,-0.031933,-0.000731
20.6200,-0.032338,-0.000693
20.6400,-0.032736,-0.000646
20.6600,-0.033097,-0.000594
20.6800,-0.033456,-0.000565
20.7000,-0.033755,-0.000502
20.7200,-0.033934,-0.000452
20.7400,-0.034125,-0.000414
20.7600,-0.034325,-0.000374
20.7800,-0.034534,-0.000350
20.8000,-0.034700,-0.000315
20.8200,-0.034844,-0.000268
20.8400,-0.034995,-0.000220
20.8600,-0.035140,-0.000170
20.8800,-0.035282,-0.000120
20.9000,-0.035443,-0.000073
20.9200,-0.035597,-0.000025
20.9400,-0.035044,0.000626
20.9600,-0.034935,0.000764
20.9800,-0.034957,0.000732
21.0000,-0.035002,0.000660
21.0200,-0.035055,0.000585
21.0400,-0.035097,0.000521
21.0600,-0.035124,0.000469
21.0800,-0.035155,0.000426
21.1000,-0.035176,0.000393
21.1200,-0.035192,0.000367
21.1400,-0.035198,0.000347
21.1600,-0.035213,0.000330
21.1800,-0.035221,0.000317
21.2000,-0.035226,0.000307
21.2200,-0.035224,0.000299
21.2400,-0.035231,0.000291
21.2600,-0.035232,0.000285
21.2800,-0.035230,0.000281
21.3000,-0.035222,0.000280
21.3200,-0.035224,0.000279
21.3400,-0.035220,0.000279
21.3600,-0.035215,0.000280
21.3800,-0.035209,0.000280
21.4000,-0.035204,0.000281
21.4200,-0.035194,0.000282
21.4400,-0.035192,0.000282
21.4600,-0.035186,0.000283
21.4800,-0.035178,0.000284
21.5000,-0.035171,0.000285
21.5200,-0.035163,0.000286
21.5400,-0.035154,0.000287
21.5600,-0.035142,0.000288
21.5800,-0.035138,0.000289
21.6000,-0.035127,0.000290
21.6200,-0.035119,0.000292
21.6400,-0.035110,0.000293
21.6600,-0.035100,0.000295
21.6800,-0.035090,0.000296
21.7000,-0.035079,0.000297
21.7200,-0.035068,0.000298
21.7400,-0.034931,0.000305
21.7600,-0.034905,0.000306
21.7800,-0.034909,0.000306
21.8000,-0.034920,0.000307
21.8200,-0.034930,0.000308
21.8400,-0.034937,0.000309
21.8600,-0.034941,0.000309
21.8800,-0.034943,0.000311
21.9000,-0.034942,0.000312
21.9200,-0.034939,0.000313
21.9400,-0.034936,0.000314
21.9600,-0.034930,0.000316
21.9800,-0.034924,0.000317
22.0000,-0.034919,0.000316
22.0200,-0.034912,0.000316
22.0400,-0.034905,0.000318
22.0600,-0.034897,0.000319
22.0800,-0.034889,0.000320
22.1000,-0.034880,0.000321
22.1200,-0.034872,0.000323
22.1400,-0.034863,0.000324
22.1600,-0.034853,0.000325
22.1800,-0.034843,0.000327
22.2000,-0.034833,0.000328
22.2200,-0.034823,0.000329
22.2400,-0.034813,0.000330
22.2600,-0.034802,0.000332
22.2800,-0.034791,0.000333
22.3000,-0.034780,0.000334
22.3200,-0.034769,0.000336
22.3400,-0.034758,0.000337
22.3600,-0.034747,0.000338
22.3800,-0.034735,0.000339
22.4000,-0.034723,0.000341
22.4200,-0.034711,0.000342
22.4400,-0.034699,0.000343
22.4600,-0.034687,0.000344
22.4800,-0.034675,0.000346
22.5000,-0.034663,0.000347
22.5200,-0.034650,0.000348
22.5400,-0.033765,0.000415
22.5600,-0.033823,0.000407
22.5800,-0.033942,0.000397
22.6000,-0.034054,0.000388
22.6200,-0.034156,0.000380
22.6400,-0.034247,0.000374
22.6600,-0.034329,0.000368
22.6800,-0.034404,0.000363
22.7000,-0.034472,0.000359
22.7200,-0.034534,0.000355
22.7400,-0.034591,0.000352
22.7600,-0.034645,0.000349
22.7800,-0.034694,0.000346
22.8000,-0.034741,0.000344
22.8200,-0.034784,0.000342
22.8400,-0.034825,0.000340
22.8600,-0.034864,0.000339
22.8800,-0.034902,0.000337
22.9000,-0.034938,0.000336
22.9200,-0.034972,0.000334
22.9400,-0.035005,0.000333
22.9600,-0.035037,0.000332
22.9800,-0.035067,0.000331
23.0000,-0.035097,0.000330
23.0200,-0.035126,0.000329
23.0400,-0.035154,0.000328
23.0600,-0.035181,0.000327
23.0800,-0.035207,0.000326
23.1000,-0.035233,0.000325
23.1200,-0.035258,0.000324
23.1400,-0.035282,0.000324
23.1600,-0.035305,0.000323
23.1800,-0.035328,0.000322
23.2000,-0.035350,0.000322
23.2200,-0.035371,0.000322
23.2400,-0.035391,0.000321
23.2600,-0.035411,0.000321
23.2800,-0.035431,0.000320
23.3000,-0.035450,0.000320
23.3200,-0.035468,0.000320
23.3400,-0.035868,0.000299
23.3600,-0.035830,0.000304
23.3800,-0.035773,0.000309
23.4000,-0.035729,0.000312
23.4200,-0.035694,0.000314
23.4400,-0.035668,0.000316
23.4600,-0.035649,0.000318
23.4800,-0.035634,0.000319
23.5000,-0.035624,0.000319
23.5200,-0.035617,0.000319
23.5400,-0.035613,0.000319
23.5600,-0.035611,0.000319
23.5800,-0.035611,0.000319
23.6000,-0.035613,0.000319
23.6200,-0.035616,0.000319
23.6400,-0.035620,0.000318
23.6600,-0.035625,0.000318
23.6800,-0.035631,0.000318
23.7000,-0.035637,0.000317
23.7200,-0.035645,0.000317
23.7400,-0.035652,0.000316
23.7600,-0.035661,0.000316
23.7800,-0.035670,0.000315
23.8000,-0.035679,0.000315
23.8200,-0.035688,0.000314
23.8400,-0.035698,0.000313
23.8600,-0.035708,0.000313
23.8800,-0.035718,0.000312
23.9000,-0.035729,0.000312
23.9200,-0.035740,0.000311
23.9400,-0.035751,0.000310
23.9600,-0.035762,0.000310
23.9800,-0.035773,0.000309
24.0000,-0.035784,0.000308
24.0200,-0.035796,0.000308
24.0400,-0.035808,0.000307
24.0600,-0.035820,0.000306
24.0800,-0.035832,0.000305
24.1000,-0.035844,0.000305
24.1200,-0.035857,0.000304
24.1400,-0.036574,0.000237
24.1600,-0.036526,0.000246
24.1800,-0.036428,0.000257
24.2000,-0.036334,0.000266
24.2200,-0.036249,0.000274
24.2400,-0.036172,0.000281
24.2600,-0.036102,0.000288
24.2800,-0.036038,0.000293
24.3000,-0.035980,0.000298
24.3200,-0.035927,0.000303
24.3400,-0.035878,0.000307
24.3600,-0.035833,0.000311
24.3800,-0.035791,0.000314
24.4000,-0.035752,0.000318
24.4200,-0.035716,0.000321
24.4400,-0.035682,0.000324
24.4600,-0.035650,0.000327
24.4800,-0.035620,0.000329
24.5000,-0.035591,0.000332
24.5200,-0.035564,0.000334
24.5400,-0.035539,0.000337
24.5600,-0.035514,0.000339
24.5800,-0.035491,0.000341
24.6000,-0.035469,0.000343
24.6200,-0.035448,0.000346
24.6400,-0.035428,0.000348
24.6600,-0.035410,0.000350
24.6800,-0.035392,0.000351
24.7000,-0.035375,0.000353
24.7200,-0.035359,0.000355
24.7400,-0.035344,0.000357
24.7600,-0.035330,0.000359
24.7800,-0.035317,0.000360
24.8000,-0.035305,0.000362
24.8200,-0.035294,0.000363
24.8400,-0.035284,0.000365
24.8600,-0.035275,0.000366
24.8800,-0.035266,0.000368
24.9000,-0.035259,0.000369
24.9200,-0.035252,0.000370
24.9400,-0.035067,0.000411
24.9600,-0.035070,0.000351
24.9800,-0.035102,0.000263
25.0000,-0.035136,0.000172
25.0200,-0.035169,0.000093
25.0400,-0.035197,0.000033
25.0600,-0.035220,-0.000006
25.0800,-0.035238,-0.000021
25.1000,-0.035252,-0.000013
25.1200,-0.035261,0.000018
25.1400,-0.035267,0.000068
25.1600,-0.035269,0.000138
25.1800,-0.035269,0.000225
25.2000,-0.035267,0.000327
25.2200,-0.035262,0.000442
25.2400,-0.035256,0.000569
25.2600,-0.035249,0.000705
25.2800,-0.035241,0.000850
25.3000,-0.035233,0.001000
25.3200,-0.035224,0.001155
25.3400,-0.035214,0.001313
25.3600,-0.035205,0.001473
25.3800,-0.035195,0.001632
25.4000,-0.035186,0.001790
25.4200,-0.035177,0.001945
25.4400,-0.035168,0.002095
25.4600,-0.035161,0.002232
25.4800,-0.035132,0.002387
25.5000,-0.035119,0.002498
25.5200,-0.035103,0.002617
25.5400,-0.035091,0.002729
25.5600,-0.035080,0.002831
25.5800,-0.035072,0.002923
25.6000,-0.035066,0.003005
25.6200,-0.035062,0.003075
25.6400,-0.035059,0.003135
25.6600,-0.035059,0.003182
25.6800,-0.035060,0.003220
25.7000,-0.035062,0.003236
25.7200,-0.035065,0.003252
25.7400,-0.035658,-0.000630
25.7600,-0.035267,-0.001417
25.7800,-0.034494,-0.001327
25.8000,-0.034652,-0.000408
25.8200,-0.034658,0.000475
25.8400,-0.034617,0.001292
25.8600,-0.034563,0.002040
25.8800,-0.034500,0.002698
25.9000,-0.034385,0.003268
25.9200,-0.034308,0.003814
25.9400,-0.034244,0.004329
25.9600,-0.034183,0.004816
25.9800,-0.034121,0.005278
26.0000,-0.034058,0.005718
26.0200,-0.033994,0.006141
26.0400,-0.033927,0.006549
26.0600,-0.033859,0.006947
26.0800,-0.033791,0.007335
26.1000,-0.033722,0.007716
26.1200,-0.033652,0.008093
26.1400,-0.033585,0.008465
26.1600,-0.033515,0.008833
26.1800,-0.033445,0.009198
26.2000,-0.033442,0.009694
26.2200,-0.033163,0.009984
26.2400,-0.033009,0.010314
26.2600,-0.032892,0.010661
26.2800,-0.032788,0.011014
26.3000,-0.032686,0.011370
26.3200,-0.032316,0.011820
26.3400,-0.032155,0.012136
26.3600,-0.031999,0.012479
26.3800,-0.031847,0.012831
26.4000,-0.031695,0.013186
26.4200,-0.031543,0.013543
26.4400,-0.031389,0.013893
26.4600,-0.031219,0.014233
26.4800,-0.031050,0.014574
26.5000,-0.030873,0.014929
26.5200,-0.030690,0.015291
26.5400,-0.029289,0.021305
26.5600,-0.028298,0.023061
26.5800,-0.028440,0.023341
26.6000,-0.028947,0.022854
26.6200,-0.029504,0.021974
26.6400,-0.029970,0.020845
26.6600,-0.030235,0.019463
26.6800,-0.030374,0.018514
26.7000,-0.030794,0.017560
26.7200,-0.031145,0.016720
26.7400,-0.031595,0.015398
26.7600,-0.031808,0.015055
26.7800,-0.032024,0.014632
26.8000,-0.032243,0.014181
26.8200,-0.032461,0.013729
26.8400,-0.032675,0.013286
26.8600,-0.032884,0.012849
26.8800,-0.033085,0.012423
26.9000,-0.033278,0.012022
26.9200,-0.033449,0.011641
26.9400,-0.033582,0.011278
26.9600,-0.033713,0.010909
26.9800,-0.033843,0.010538
27.0000,-0.034160,0.010016
27.0200,-0.034030,0.009669
27.0400,-0.034070,0.009404
27.0600,-0.034157,0.009077
27.0800,-0.034256,0.008726
27.1000,-0.034359,0.008369
27.1200,-0.034471,0.008026
27.1400,-0.034557,0.007674
27.1600,-0.034629,0.007314
27.1800,-0.034696,0.006952
27.2000,-0.034762,0.006588
27.2200,-0.034829,0.006224
27.2400,-0.034896,0.005861
27.2600,-0.034965,0.005497
27.2800,-0.035034,0.005134
27.3000,-0.035103,0.004771
27.3200,-0.035174,0.004409
27.3400,-0.035824,0.000296
27.3600,-0.035481,-0.000695
27.3800,-0.035184,-0.000593
27.4000,-0.035044,-0.000149
27.4200,-0.035007,0.000355
27.4400,-0.034854,0.000734
27.4600,-0.035053,0.001232
27.4800,-0.035123,0.001586
27.5000,-0.035149,0.001852
27.5200,-0.035158,0.002061
27.5400,-0.035147,0.002220
27.5600,-0.035143,0.002352
27.5800,-0.035143,0.002466
27.6000,-0.035144,0.002563
27.6200,-0.035145,0.002645
27.6400,-0.035144,0.002715
27.6600,-0.035144,0.002775
27.6800,-0.035143,0.002827
27.7000,-0.035142,0.002872
27.7200,-0.035140,0.002911
27.7400,-0.035138,0.002946
27.7600,-0.035136,0.002977
27.7800,-0.035135,0.003004
27.8000,-0.035133,0.003028
27.8200,-0.035131,0.003050
27.8400,-0.035130,0.003069
27.8600,-0.035128,0.003086
27.8800,-0.035127,0.003102
27.9000,-0.035126,0.003115
27.9200,-0.035126,0.003126
27.9400,-0.038435,0.001604
27.9600,-0.027015,-0.000471
27.9800,-0.011710,-0.002017
28.0000,-0.020799,0.000682
28.0200,-0.019948,-0.002276
28.0400,-0.022428,-0.000846
28.0600,-0.024010,0.000413
28.0800,-0.025194,0.001661
28.1000,-0.026160,0.002930
28.1200,-0.027004,0.004227
28.1400,-0.027773,0.005537
28.1600,-0.028465,0.006839
28.1800,-0.029135,0.008133
28.2000,-0.029778,0.009407
28.2200,-0.030423,0.010647
28.2400,-0.031497,0.012504
28.2600,-0.031894,0.013375
28.2800,-0.032496,0.014304
28.3000,-0.033167,0.015245
28.3200,-0.033567,0.016144
28.3400,-0.034175,0.017065
28.3600,-0.034866,0.017855
28.3800,-0.035191,0.018349
28.4000,-0.035757,0.018908
28.4200,-0.036450,0.019511
28.4400,-0.037181,0.020132
28.4600,-0.037809,0.020730
28.4800,-0.038474,0.021346
28.5000,-0.039421,0.021993
28.5200,-0.040376,0.022674
28.5400,-0.041481,0.023424
28.5600,-0.044053,0.024209
28.5800,-0.046206,0.024865
28.6000,-0.047796,0.025379
28.6200,-0.048889,0.025777
28.6400,-0.049456,0.026067
28.6600,-0.049396,0.026247
28.6800,-0.049301,0.026444
28.7000,-0.049166,0.026665
28.7200,-0.048984,0.026910
28.7400,-0.048745,0.027191
28.7600,-0.048440,0.027519
28.7800,-0.048059,0.027911
28.8000,-0.047587,0.028381
28.8200,0.038607,0.072253
28.8400,0.038554,0.072555
28.8600,0.038425,0.072986
28.8800,0.038196,0.073550
28.9000,0.037869,0.074284
28.9200,0.037432,0.075213
28.9400,0.036874,0.076366
28.9600,0.036186,0.077774
28.9800,0.035359,0.079425
29.0000,0.034392,0.081423
29.0200,0.033287,0.083774
29.0400,0.000811,0.093746
29.0600,-0.070930,0.070685
29.0800,999.999000,999.999000
29.1000,999.999000,999.999000
29.1200,999.999000,999.999000
29.1400,999.999000,999.999000
29.1600,0.033848,0.085771
29.1800,999.999000,999.999000
